{
  "ext": {
    "pin": 24,
    "t_offset": -0.26383333333333436,
    "r_offset": 0.6731666666666669
  },
  "NO": {
    "pin": 23,
    "t_offset": -0.11049999999999886,
    "r_offset": 0.013166666666665586
  },
  "SO": {
    "pin": 25,
    "t_offset": 0.11285714285714375,
    "r_offset": 0.343571428571431
  },
  "NW": {
    "pin": 27,
    "t_offset": 0.23949999999999924,
    "r_offset": -0.653499999999998
  },
  "SW": {
    "pin": 26,
    "t_offset": 0.029499999999999697,
    "r_offset": -0.35350000000000037
  }
}