{
  "ext": {
    "pin": 24,
    "offset": {
      "-2.4": {
        "75.9": {
          "temperature": 0.05733333333333368,
          "humidity": -4.782666666666643
        }
      },
      "8.8": {
        "58.7": {
          "temperature": 0.3593333333333337,
          "humidity": -4.24199999999999
        }
      },
      "9.0": {
        "74.2": {
          "temperature": -0.005999999999996675,
          "humidity": -2.6279080459769943
        }
      },
      "10.6": {
        "70.6": {
          "temperature": 0.015333333333332533,
          "humidity": -2.617333333333306
        }
      },
      "16.5": {
        "64.2": {
          "temperature": 0.015333333333327204,
          "humidity": -1.940000000000012
        }
      },
      "17.4": {
        "43.6": {
          "temperature": -0.04852873563217486,
          "humidity": -2.0885894909688076
        }
      },
      "17.7": {
        "66.4": {
          "temperature": 0.05133333333332857,
          "humidity": -1.9157619047619079
        }
      },
      "19.5": {
        "68.0": {
          "temperature": 0.21859514687100656,
          "humidity": -2.0392337164751098
        }
      },
      "19.9": {
        "80.2": {
          "temperature": 0.06937931034483924,
          "humidity": -1.3448965517241476
        }
      },
      "20.0": {
        "48.8": {
          "temperature": -0.06866666666666887,
          "humidity": -1.4159999999999897
        }
      },
      "20.5": {
        "47.9": {
          "temperature": -0.07572413793103294,
          "humidity": -1.370500821018048
        }
      }
    }
  },
  "NO": {
    "pin": 23,
    "offset": {
      "-1.9": {
        "70.8": {
          "temperature": -0.4493333333333338,
          "humidity": 0.32733333333332837
        }
      },
      "9.4": {
        "54.7": {
          "temperature": -0.18066666666666364,
          "humidity": -0.3020000000000138
        },
        "71.1": {
          "temperature": -0.4059999999999988,
          "humidity": 0.4249655172413753
        }
      },
      "10.9": {
        "67.7": {
          "temperature": -0.3246666666666673,
          "humidity": 0.2326666666666597
        }
      },
      "16.7": {
        "62.5": {
          "temperature": -0.18466666666666143,
          "humidity": -0.2866666666666404
        }
      },
      "17.7": {
        "41.6": {
          "temperature": -0.2985287356321926,
          "humidity": -0.06192282430212259
        }
      },
      "17.9": {
        "64.7": {
          "temperature": -0.14866666666667072,
          "humidity": -0.23909523809521716
        }
      },
      "19.8": {
        "66.3": {
          "temperature": -0.15637292464878527,
          "humidity": -0.3522605363984326
        }
      },
      "20.1": {
        "79.2": {
          "temperature": -0.1706206896551805,
          "humidity": -0.2715632183908383
        }
      },
      "20.2": {
        "47.6": {
          "temperature": -0.2653333333333343,
          "humidity": -0.16600000000000392
        }
      },
      "20.6": {
        "46.6": {
          "temperature": -0.18239080459771273,
          "humidity": -0.11121510673235235
        }
      }
    }
  },
  "SO": {
    "pin": 25,
    "offset": {
      "-2.5": {
        "70.3": {
          "temperature": 0.11066666666666691,
          "humidity": 0.8073333333333466
        }
      },
      "8.9": {
        "70.8": {
          "temperature": 0.07399999999999984,
          "humidity": 0.7154252873563252
        }
      },
      "9.0": {
        "53.8": {
          "temperature": 0.14600000000000257,
          "humidity": 0.647999999999989
        }
      },
      "10.6": {
        "67.4": {
          "temperature": 0.035333333333332106,
          "humidity": 0.61933333333333
        }
      },
      "16.4": {
        "61.8": {
          "temperature": 0.10866666666667157,
          "humidity": 0.4133333333333269
        }
      },
      "17.4": {
        "40.5": {
          "temperature": -0.0418620689655107,
          "humidity": 1.0335533661740612
        }
      },
      "17.7": {
        "64.1": {
          "temperature": 0.06466666666667109,
          "humidity": 0.36614285714287576
        }
      },
      "19.7": {
        "65.6": {
          "temperature": -0.018441890166030817,
          "humidity": 0.3822222222222251
        }
      },
      "19.9": {
        "46.7": {
          "temperature": 0.014666666666677486,
          "humidity": 0.7373333333333321
        }
      },
      "20.0": {
        "78.7": {
          "temperature": -0.03062068965517284,
          "humidity": 0.18510344827586778
        }
      },
      "20.5": {
        "45.7": {
          "temperature": -0.05905747126436367,
          "humidity": 0.8161658456486052
        }
      }
    }
  },
  "NW": {
    "pin": 27,
    "offset": {
      "-2.4": {
        "69.8": {
          "temperature": 0.04400000000000004,
          "humidity": 1.284000000000006
        }
      },
      "8.9": {
        "71.5": {
          "temperature": 0.1306666666666665,
          "humidity": 0.04542528735630924
        }
      },
      "9.5": {
        "52.9": {
          "temperature": -0.34066666666666734,
          "humidity": 1.491333333333337
        }
      },
      "10.6": {
        "67.7": {
          "temperature": 0.05200000000000138,
          "humidity": 0.3026666666666529
        }
      },
      "16.7": {
        "61.6": {
          "temperature": -0.15466666666666384,
          "humidity": 0.6800000000000423
        }
      },
      "17.1": {
        "42.1": {
          "temperature": 0.25147126436780454,
          "humidity": -0.6085894909688037
        }
      },
      "17.9": {
        "63.6": {
          "temperature": -0.13200000000000145,
          "humidity": 0.7975714285714517
        }
      },
      "19.8": {
        "47.8": {
          "temperature": 0.10466666666666669,
          "humidity": -0.4059999999999988
        }
      },
      "19.9": {
        "65.1": {
          "temperature": -0.21844189016601945,
          "humidity": 0.8960153256705041
        }
      },
      "20.0": {
        "78.4": {
          "temperature": -0.03062068965517284,
          "humidity": 0.46395402298851707
        }
      },
      "20.3": {
        "47.1": {
          "temperature": 0.14094252873563562,
          "humidity": -0.6305008210180603
        }
      }
    }
  },
  "SW": {
    "pin": 26,
    "offset": {
      "-2.6": {
        "68.7": {
          "temperature": 0.2373333333333334,
          "humidity": 2.36399999999999
        }
      },
      "8.8": {
        "70.1": {
          "temperature": 0.20733333333333448,
          "humidity": 1.442091954023013
        }
      },
      "9.2": {
        "52.0": {
          "temperature": 0.01599999999999646,
          "humidity": 2.4046666666666567
        }
      },
      "10.4": {
        "66.5": {
          "temperature": 0.2220000000000013,
          "humidity": 1.4626666666666779
        }
      },
      "16.3": {
        "61.1": {
          "temperature": 0.21533333333332294,
          "humidity": 1.1333333333333258
        }
      },
      "17.2": {
        "39.8": {
          "temperature": 0.13744827586207364,
          "humidity": 1.725548440065694
        }
      },
      "17.6": {
        "63.4": {
          "temperature": 0.16466666666665475,
          "humidity": 0.991142857142826
        }
      },
      "19.5": {
        "64.9": {
          "temperature": 0.17466155810982897,
          "humidity": 1.1132567049808557
        }
      },
      "19.7": {
        "46.2": {
          "temperature": 0.21466666666666612,
          "humidity": 1.2506666666666746
        }
      },
      "19.8": {
        "77.9": {
          "temperature": 0.1624827586206905,
          "humidity": 0.9674022988506152
        }
      },
      "20.2": {
        "45.2": {
          "temperature": 0.17622988505746662,
          "humidity": 1.2960509031198768
        }
      }
    }
  }
}